action_agreement,belief_agreement
0.8428571428571429,0.9428571428571428